feature,importance
productivity_index_log,26.963551470733318
study_efficiency_log,21.2123602149698
sleep_quality_log,19.961281672724105
study_hours_per_day,8.63706388176339
sleep_hours,7.61082599401611
stress_level_bin,7.424371485407432
phone_usage_hours,6.518529785342378
focus_score,1.3666887348934684
diligence_score,0.30532676014998883
