feature,coefficient
study_hours_per_day,9.662234427207192
phone_usage_hours,-6.897385676210635
sleep_hours,5.087442251281731
productivity_index_log,4.961716613976896
focus_score,3.504467355984816
stress_level_bin,-3.020831938096509
study_efficiency_log,-2.625253116730333
diligence_score,1.086620872853902
sleep_quality_log,0.5316113060443726
