feature,importance
productivity_index_log,0.3203737793478703
study_efficiency_log,0.26410544701654437
study_hours_per_day,0.13042705797438697
sleep_quality_log,0.119546239470804
sleep_hours,0.05323856395441937
phone_usage_hours,0.03911093954878614
focus_score,0.03864660840675259
stress_level_bin,0.023680366742817753
diligence_score,0.010870997537618601
