feature,importance
productivity_index_log,27.098325165975975
study_efficiency_log,21.516950831779994
sleep_quality_log,18.040217163626195
sleep_hours,8.699747316863798
study_hours_per_day,8.465597474724674
stress_level_bin,7.345972348612522
phone_usage_hours,6.43200222516681
focus_score,2.0019297143283485
diligence_score,0.399257758921679
